{"cameraMode":{"drawMode":0,"name":"Shaded","section":"Shading Mode"},"sceneLighting":false,"audioPlay":false,"sceneViewState":{"m_AlwaysRefresh":false,"showFog":true,"showSkybox":false,"showFlares":true,"showImageEffects":true,"showParticleSystems":true,"showVisualEffectGraphs":true,"m_FxEnabled":true},"in2DMode":false,"pivot":{"x":-12.931031227111817,"y":4.654236793518066,"z":0.046587586402893069},"rotation":{"x":0.011292214505374432,"y":0.7577367424964905,"z":-0.6523621082305908,"w":0.013107671402394772},"size":0.8660253882408142,"orthographic":true}